candidateKey,inventoryOrdinal,sourceKind,ownerId,skillKey,passiveName,pageId,wikiItemId,wikiEffectSlots,legacyClassification,resolvedBucket,sourceRef
hero_skill|hero_akshan|P|无所不用,0,hero_skill,hero_akshan,P,无所不用,akshan-p,,,already_covered,partial,数据参考/lol-wiki-current-champions/normalized/generic/akshan-p.json@rev4038197 sha256:22ba762382dedced4b63a451c4513cb3129e3b16a137236e5b637eea7510b534
hero_skill|hero_akshan|Q|去而复还,1,hero_skill,hero_akshan,Q,去而复还,akshan-q,,,out_of_scope_for_single_target_dps,blocked,数据参考/lol-wiki-current-champions/normalized/generic/akshan-q.json@rev4007510 sha256:1cbf7dda955849d05ad2d7e578ed9507f8f61fc7525c5ed006a25185915b5f5b
hero_skill|hero_akshan|W|赴险夺人,2,hero_skill,hero_akshan,W,赴险夺人,akshan-w,,,out_of_scope_for_single_target_dps,out_of_scope,数据参考/lol-wiki-current-champions/normalized/generic/akshan-w.json@rev3989407 sha256:d1f66a7d68ae4ac2b607bd580c911a124a384da5117e9688e9bbb392c1caff12
hero_skill|hero_akshan|E|骄行荡寇,3,hero_skill,hero_akshan,E,骄行荡寇,akshan-e,,,out_of_scope_for_single_target_dps,out_of_scope,数据参考/lol-wiki-current-champions/normalized/generic/akshan-e.json@rev4007412 sha256:e4304b3a5f145f7975fee0d07d55d041db25570266d9a46053735425585c99f4
hero_skill|hero_akshan|R|恩怨相抵,4,hero_skill,hero_akshan,R,恩怨相抵,akshan-r,,,out_of_scope_for_single_target_dps,blocked,数据参考/lol-wiki-current-champions/normalized/generic/akshan-r.json@rev3982549 sha256:f6707ea62ac3c40823b6b1ee5984d19987f49a35283f7795e04cd8b36359ef32
hero_skill|hero_aphelios|P|传知者与真知者,5,hero_skill,hero_aphelios,P,传知者与真知者,aphelios-p,,,needs_manual_baseline,out_of_scope,数据参考/lol-wiki-current-champions/normalized/generic/aphelios-p.json@rev4022691 sha256:f89d11798f5ae62bde50b9a22bff7bc9e03360fb14cb232410a839459a50781e
hero_skill|hero_aphelios|Q|武器技能,6,hero_skill,hero_aphelios,Q,武器技能,aphelios-q,,,out_of_scope_for_single_target_dps,out_of_scope,数据参考/lol-wiki-current-champions/normalized/generic/aphelios-q.json@rev3963883 sha256:95c3bafeb5c1558022cfd687495336b6a254c5fe3ab373b1b2f6b0a00c5e52dd
hero_skill|hero_aphelios|W|月相轮转,7,hero_skill,hero_aphelios,W,月相轮转,aphelios-w,,,needs_manual_baseline,out_of_scope,数据参考/lol-wiki-current-champions/normalized/generic/aphelios-w.json@rev3970739 sha256:f3fb3134b57ae063602a10fabc22f2653c59f18eddd0a7d6d9c95eeb8205471e
hero_skill|hero_aphelios|E|武器队列系统,8,hero_skill,hero_aphelios,E,武器队列系统,aphelios-e,,,out_of_scope_for_single_target_dps,out_of_scope,数据参考/lol-wiki-current-champions/normalized/generic/aphelios-e.json@rev3998993 sha256:4e8678cf455dbbf1eebd50d9a7e318ef9e56f47e80f263a8e8d92a4be0efabb0
hero_skill|hero_aphelios|R|清辉夜凝,9,hero_skill,hero_aphelios,R,清辉夜凝,aphelios-r,,,out_of_scope_for_single_target_dps,out_of_scope,数据参考/lol-wiki-current-champions/normalized/generic/aphelios-r.json@rev3996444 sha256:29aae204e6987b0049678b38b3ca912ae940f9a5de3bd525a8cffadd543f0d2b
hero_skill|hero_ashe|P|冰霜射击,10,hero_skill,hero_ashe,P,冰霜射击,ashe-p,,,needs_runtime_extension,blocked,数据参考/lol-wiki-current-champions/normalized/generic/ashe-p.json@rev4038216 sha256:def2547f895e1533754e9265fd36f995a30258f11ca947cd737a70ea17df51da
hero_skill|hero_ashe|Q|射手的专注,11,hero_skill,hero_ashe,Q,射手的专注,ashe-q,,,needs_runtime_extension,migrated,数据参考/lol-wiki-current-champions/normalized/generic/ashe-q.json@rev4016907 sha256:3a6bf74888a0cc48333f5d9058feb129d5326eb3b898f76aa7740d61fdf5948b
hero_skill|hero_ashe|W|万箭齐发,12,hero_skill,hero_ashe,W,万箭齐发,ashe-w,,,already_covered,migrated,数据参考/lol-wiki-current-champions/normalized/generic/ashe-w.json@rev4007430 sha256:7e12c2b27533ff696411e2eff05d7f5b5c9e3b1ad45f09e017df2a764abb5e28
hero_skill|hero_ashe|E|鹰击长空,13,hero_skill,hero_ashe,E,鹰击长空,ashe-e,,,out_of_scope_for_single_target_dps,out_of_scope,数据参考/lol-wiki-current-champions/normalized/generic/ashe-e.json@rev3936951 sha256:218c7d2ecbf561f64b35a97e57f47a853a036a4923517eb278b572a7640dedc0
hero_skill|hero_ashe|R|魔法水晶箭,14,hero_skill,hero_ashe,R,魔法水晶箭,ashe-r,,,out_of_scope_for_single_target_dps,blocked,数据参考/lol-wiki-current-champions/normalized/generic/ashe-r.json@rev4026934 sha256:1d9ccefa98a41e57a088e76aaca16f7a78141e7373616520e2d6ba13f450664f
hero_skill|hero_azir|P|恕瑞玛的传承,15,hero_skill,hero_azir,P,恕瑞玛的传承,azir-p,,,out_of_scope_for_single_target_dps,out_of_scope,数据参考/lol-wiki-current-champions/normalized/generic/azir-p.json@rev3962342 sha256:729b83b1ac5fc8472dec4ae416d66aa6cbb10d53d869d84b45b0882d8b23a007
hero_skill|hero_azir|Q|狂沙猛攻,16,hero_skill,hero_azir,Q,狂沙猛攻,azir-q,,,out_of_scope_for_single_target_dps,blocked,数据参考/lol-wiki-current-champions/normalized/generic/azir-q.json@rev4024967 sha256:168e2568c6795859e68831eb23b59b62d249aceb07cf3740403b1616516b51f2
hero_skill|hero_azir|W|沙兵现身,17,hero_skill,hero_azir,W,沙兵现身,azir-w,,,out_of_scope_for_single_target_dps,blocked,数据参考/lol-wiki-current-champions/normalized/generic/azir-w.json@rev4043850 sha256:eda21de63ba2907f5b5406cbb54bd545b78abaae01ca7471ddf9b2a8ecef0ffa
hero_skill|hero_azir|E|流沙移形,18,hero_skill,hero_azir,E,流沙移形,azir-e,,,out_of_scope_for_single_target_dps,blocked,数据参考/lol-wiki-current-champions/normalized/generic/azir-e.json@rev4022609 sha256:2c5f2625e9c82b0a9edf181aa5c87e3ca855f105e6bd7b0acdf6b6d811e516bd
hero_skill|hero_azir|R|禁军之墙,19,hero_skill,hero_azir,R,禁军之墙,azir-r,,,out_of_scope_for_single_target_dps,blocked,数据参考/lol-wiki-current-champions/normalized/generic/azir-r.json@rev4042859 sha256:92cf30c1d9452936b24cb3e20c28bf1f417748db64a60ea382238db5212e8251
hero_skill|hero_caitlyn|P|爆头,20,hero_skill,hero_caitlyn,P,爆头,caitlyn-p,,,out_of_scope_for_single_target_dps,blocked,数据参考/lol-wiki-current-champions/normalized/generic/caitlyn-p.json@rev3982560 sha256:5f36d295e4099c5ee5a091b17f0db9f2a50819939a449e59b95d247baaac8251
hero_skill|hero_caitlyn|Q|和平使者,21,hero_skill,hero_caitlyn,Q,和平使者,caitlyn-q,,,out_of_scope_for_single_target_dps,blocked,数据参考/lol-wiki-current-champions/normalized/generic/caitlyn-q.json@rev4007583 sha256:6c40deba7b6e60ab9c06bc014a214a8be4319c4ddf22c550237b659f19307caf
hero_skill|hero_caitlyn|W|约德尔诱捕器,22,hero_skill,hero_caitlyn,W,约德尔诱捕器,caitlyn-w,,,out_of_scope_for_single_target_dps,blocked,数据参考/lol-wiki-current-champions/normalized/generic/caitlyn-w.json@rev4023135 sha256:4e500c2cc801672b4d110359d6710c9464f6a61e5d3f02f01965d4e90b3e4a6a
hero_skill|hero_caitlyn|E|90口径绳网,23,hero_skill,hero_caitlyn,E,90口径绳网,caitlyn-e,,,needs_manual_baseline,blocked,数据参考/lol-wiki-current-champions/normalized/generic/caitlyn-e.json@rev4007584 sha256:9357e7b28b05f738cd8049a2d10a115e4033a54123c0e71f55d1262a92884db2
hero_skill|hero_caitlyn|R|让子弹飞,24,hero_skill,hero_caitlyn,R,让子弹飞,caitlyn-r,,,out_of_scope_for_single_target_dps,blocked,数据参考/lol-wiki-current-champions/normalized/generic/caitlyn-r.json@rev3982561 sha256:08b488c97fc694d9a3de711ffd4ea0b95fc1746c3a11b9c44b878844e586e8a8
hero_skill|hero_corki|P|海克斯科技军备,25,hero_skill,hero_corki,P,海克斯科技军备,corki-p,,,needs_manual_baseline,blocked,数据参考/lol-wiki-current-champions/normalized/generic/corki-p.json@rev4003492 sha256:a37ac6e0fd7586b485bbe06f74401935d3b0b5a68eb48db2f0496def8d74b73c
hero_skill|hero_corki|Q|磷光炸弹,26,hero_skill,hero_corki,Q,磷光炸弹,corki-q,,,out_of_scope_for_single_target_dps,blocked,数据参考/lol-wiki-current-champions/normalized/generic/corki-q.json@rev4007588 sha256:e71a474ef6b4df1df4808b397c8bd0f42ce284234f3eb7603fab09cabd760365
hero_skill|hero_corki|W|瓦尔基里俯冲,27,hero_skill,hero_corki,W,瓦尔基里俯冲,corki-w,,,out_of_scope_for_single_target_dps,blocked,数据参考/lol-wiki-current-champions/normalized/generic/corki-w.json@rev4007589 sha256:85c17f1bedb345ca93539152df7e65cebe5524147de8d7907cb2f75e04c0decb
hero_skill|hero_corki|E|格林机枪,28,hero_skill,hero_corki,E,格林机枪,corki-e,,,needs_manual_baseline,blocked,数据参考/lol-wiki-current-champions/normalized/generic/corki-e.json@rev3948411 sha256:9f1e8aed9ad2dc3f3958a3de6fd62563a029a022aa0e0bb4dc13efea0b4b12a1
hero_skill|hero_corki|R|火箭轰击,29,hero_skill,hero_corki,R,火箭轰击,corki-r,,,out_of_scope_for_single_target_dps,blocked,数据参考/lol-wiki-current-champions/normalized/generic/corki-r.json@rev4042863 sha256:1c2da7a1ea6bd4904c498eeb823e75dbf0f1e354cf5fe22f72dee2bb09ac4845
hero_skill|hero_draven|P|德莱文联盟,30,hero_skill,hero_draven,P,德莱文联盟,draven-p,,,out_of_scope_for_single_target_dps,out_of_scope,数据参考/lol-wiki-current-champions/normalized/generic/draven-p.json@rev4040578 sha256:a4e44f452a94a037da29672c279421bdf6a969b8f09d9897b5603e3e923051c9
hero_skill|hero_draven|Q|旋转飞斧,31,hero_skill,hero_draven,Q,旋转飞斧,draven-q,,,already_covered,migrated,数据参考/lol-wiki-current-champions/normalized/generic/draven-q.json@rev3997560 sha256:c68bd17937d584b0f6e149a802c1748d1b62849092d82a267d501997b0a195ed
hero_skill|hero_draven|W|血性冲刺,32,hero_skill,hero_draven,W,血性冲刺,draven-w,,,out_of_scope_for_single_target_dps,migrated,数据参考/lol-wiki-current-champions/normalized/generic/draven-w.json@rev3982566 sha256:93626d85539c1b7c89ed06d6e006912595a8cb3fb37a02428fb29eecc74e788e
hero_skill|hero_draven|E|开道利斧,33,hero_skill,hero_draven,E,开道利斧,draven-e,,,needs_manual_baseline,blocked,数据参考/lol-wiki-current-champions/normalized/generic/draven-e.json@rev4034694 sha256:7bb6ebdc19413ef908e78fea01576d1184a66bc62fd6148120845573c1468e8d
hero_skill|hero_draven|R|冷血追命,34,hero_skill,hero_draven,R,冷血追命,draven-r,,,out_of_scope_for_single_target_dps,blocked,数据参考/lol-wiki-current-champions/normalized/generic/draven-r.json@rev4040576 sha256:e38551b6eeefa0306cd40a3e15473c8983075f88edbe007915e3d9213a08adce
hero_skill|hero_ezreal|P|咒能高涨,35,hero_skill,hero_ezreal,P,咒能高涨,ezreal-p,,,already_covered,migrated,数据参考/lol-wiki-current-champions/normalized/generic/ezreal-p.json@rev3932280 sha256:5996c969e2d1b53b3c805737fa161b4a9e235d6e7b7c74899a6580de34ca77ba
hero_skill|hero_ezreal|Q|秘术射击,36,hero_skill,hero_ezreal,Q,秘术射击,ezreal-q,,,out_of_scope_for_single_target_dps,blocked,数据参考/lol-wiki-current-champions/normalized/generic/ezreal-q.json@rev4013233 sha256:be5a24861dc53970c19378fe8bea17b242b5b406a588cebb32b0d59a4af4b533
hero_skill|hero_ezreal|W|精华跃动,37,hero_skill,hero_ezreal,W,精华跃动,ezreal-w,,,out_of_scope_for_single_target_dps,blocked,数据参考/lol-wiki-current-champions/normalized/generic/ezreal-w.json@rev4013234 sha256:5e4b2a6704c958150aacbd17cc387d050290cf669ba109be0a48a97a25abf897
hero_skill|hero_ezreal|E|奥术跃迁,38,hero_skill,hero_ezreal,E,奥术跃迁,ezreal-e,,,out_of_scope_for_single_target_dps,blocked,数据参考/lol-wiki-current-champions/normalized/generic/ezreal-e.json@rev3989862 sha256:7ac83f7eaa237641c478f2e3ffa1a2714f7da0644c8a488ab6a6f47b67e27347
hero_skill|hero_ezreal|R|精准弹幕,39,hero_skill,hero_ezreal,R,精准弹幕,ezreal-r,,,out_of_scope_for_single_target_dps,blocked,数据参考/lol-wiki-current-champions/normalized/generic/ezreal-r.json@rev4013235 sha256:e9d7f9d7411bcbb1ab00aeb89fe03a4fb8511625fc0a64266f5f63ced53580e0
hero_skill|hero_graves|P|新命运,40,hero_skill,hero_graves,P,新命运,graves-p,,,needs_manual_baseline,migrated,数据参考/lol-wiki-current-champions/normalized/generic/graves-p.json@rev4038342 sha256:553bda222e9e85f0eff6d4cba3b8723979a58b68fba9097d2dfa1bd373117aa8
hero_skill|hero_graves|Q|穷途末路,41,hero_skill,hero_graves,Q,穷途末路,graves-q,,,out_of_scope_for_single_target_dps,blocked,数据参考/lol-wiki-current-champions/normalized/generic/graves-q.json@rev4007501 sha256:c18840004febd305484392c882680939efe9fc609d4f733f81824439741345c5
hero_skill|hero_graves|W|烟幕弹,42,hero_skill,hero_graves,W,烟幕弹,graves-w,,,out_of_scope_for_single_target_dps,blocked,数据参考/lol-wiki-current-champions/normalized/generic/graves-w.json@rev3956197 sha256:20348473fe3441eb32ab656423f577a62a415fadf33fbdc6fcf576bc8b1d210d
hero_skill|hero_graves|E|快速拔枪,43,hero_skill,hero_graves,E,快速拔枪,graves-e,,,needs_runtime_extension,migrated,数据参考/lol-wiki-current-champions/normalized/generic/graves-e.json@rev4007744 sha256:ff4c65c5ce2a0ac1ae757271fbb924b35bf4eca1af0f4d07a69d865db901a4e1
hero_skill|hero_graves|R|终极爆弹,44,hero_skill,hero_graves,R,终极爆弹,graves-r,,,needs_manual_baseline,blocked,数据参考/lol-wiki-current-champions/normalized/generic/graves-r.json@rev4007499 sha256:834843a7722fc9463e21e8d636b8adc644c220928b90f7bb4afedbaa08f85dd1
hero_skill|hero_jayce|P|海克斯科技电容,45,hero_skill,hero_jayce,P,海克斯科技电容,jayce-p,,,out_of_scope_for_single_target_dps,out_of_scope,数据参考/lol-wiki-current-champions/normalized/generic/jayce-p.json@rev4042868 sha256:8c8d6e36b01831ef1cca177a08f755b55be2f89831db4206525b3257ec03b136
hero_skill|hero_jayce|Q|苍穹之跃 / 电能震荡,46,hero_skill,hero_jayce,Q,苍穹之跃 / 电能震荡,jayce-q,,,out_of_scope_for_single_target_dps,blocked,数据参考/lol-wiki-current-champions/normalized/generic/jayce-q.json@rev3989865 sha256:ea14cfb3e6057dd84039154cd8571e4ed41cec2a891c57f01e8607291795b71c
hero_skill|hero_jayce|W|闪电领域 / 超能电荷,47,hero_skill,hero_jayce,W,闪电领域 / 超能电荷,jayce-w,,,out_of_scope_for_single_target_dps,blocked,数据参考/lol-wiki-current-champions/normalized/generic/jayce-w.json@rev3948933 sha256:291798195515d3bfbb9656ce35f660c59ac54831ba74d14d5e4b1a9aedd9f0fa
hero_skill|hero_jayce|E|雷霆一击 / 加速之门,48,hero_skill,hero_jayce,E,雷霆一击 / 加速之门,jayce-e,,,out_of_scope_for_single_target_dps,blocked,数据参考/lol-wiki-current-champions/normalized/generic/jayce-e.json@rev3965179 sha256:53c88b19bc4bd06bf26ac6edabd4ce317dd9750b40455cd175d27be6ab274ef7
hero_skill|hero_jayce|R|墨丘利之炮 / 墨丘利之锤,49,hero_skill,hero_jayce,R,墨丘利之炮 / 墨丘利之锤,jayce-r,,,needs_runtime_extension,blocked,数据参考/lol-wiki-current-champions/normalized/generic/jayce-r.json@rev3989867 sha256:5ef1aaf216a327c0aa1cc668944647fca887f43e6df2d8af1cb8c1b074709e98
hero_skill|hero_jhin|P|低语,50,hero_skill,hero_jhin,P,低语,jhin-p,,,needs_runtime_extension,blocked,数据参考/lol-wiki-current-champions/normalized/generic/jhin-p.json@rev3998238 sha256:2ef6300374d29c05f039b78a3d750199cff0236f78c147064d434ee897db7cf5
hero_skill|hero_jhin|Q|曼舞手雷,51,hero_skill,hero_jhin,Q,曼舞手雷,jhin-q,,,out_of_scope_for_single_target_dps,blocked,数据参考/lol-wiki-current-champions/normalized/generic/jhin-q.json@rev4007611 sha256:522c4b918067b4b035b6744eb3dc83ce64ba5d47f677ed8517fcb246111685f1
hero_skill|hero_jhin|W|致命华彩,52,hero_skill,hero_jhin,W,致命华彩,jhin-w,,,out_of_scope_for_single_target_dps,blocked,数据参考/lol-wiki-current-champions/normalized/generic/jhin-w.json@rev4021795 sha256:14790ca09f6f320fc2fadc81c2fa7e783c7b81d48d792b7760494f2e8d788c65
hero_skill|hero_jhin|E|万众倾倒,53,hero_skill,hero_jhin,E,万众倾倒,jhin-e,,,out_of_scope_for_single_target_dps,blocked,数据参考/lol-wiki-current-champions/normalized/generic/jhin-e.json@rev4007613 sha256:bbb264e884128852cd9b90fc1965638e0903f88a8da4a500220966c4ff5596c0
hero_skill|hero_jhin|R|完美谢幕,54,hero_skill,hero_jhin,R,完美谢幕,jhin-r,,,out_of_scope_for_single_target_dps,blocked,数据参考/lol-wiki-current-champions/normalized/generic/jhin-r.json@rev4007615 sha256:6bfe695cbc8aec980b66db1ab4f998fd292ddc0619cb35beeda1d755f98d2cc0
hero_skill|hero_jinx|P|罪恶快感,55,hero_skill,hero_jinx,P,罪恶快感,jinx-p,,,out_of_scope_for_single_target_dps,out_of_scope,数据参考/lol-wiki-current-champions/normalized/generic/jinx-p.json@rev3973632 sha256:395e0422810de1907b12a16eec824437b4121e64ab7814bcb6b763870afce7b9
hero_skill|hero_jinx|Q|枪炮交响曲！,56,hero_skill,hero_jinx,Q,枪炮交响曲！,jinx-q,,,out_of_scope_for_single_target_dps,blocked,数据参考/lol-wiki-current-champions/normalized/generic/jinx-q.json@rev3992483 sha256:a4a11490d120a72ac8364ac1de8c1ea560badaa50f7cc5de3a4a4ab04b10186a
hero_skill|hero_jinx|W|震荡电磁波！,57,hero_skill,hero_jinx,W,震荡电磁波！,jinx-w,,,out_of_scope_for_single_target_dps,blocked,数据参考/lol-wiki-current-champions/normalized/generic/jinx-w.json@rev3907092 sha256:8aa6ac3943076256fe6afea15f1dd6eebf892656be45784e2522abb6243f4d1f
hero_skill|hero_jinx|E|嚼火者手雷！,58,hero_skill,hero_jinx,E,嚼火者手雷！,jinx-e,,,out_of_scope_for_single_target_dps,blocked,数据参考/lol-wiki-current-champions/normalized/generic/jinx-e.json@rev3993368 sha256:64562ed4adb34c932810970fd9b9c016b46329d6f956541d334c60d2bc9d83ee
hero_skill|hero_jinx|R|超究极死神飞弹！,59,hero_skill,hero_jinx,R,超究极死神飞弹！,jinx-r,,,out_of_scope_for_single_target_dps,blocked,数据参考/lol-wiki-current-champions/normalized/generic/jinx-r.json@rev4007616 sha256:17ec580b10e2e4e8a0650682afc52ea8fc2b79a9ffbe7b93e9361c4f5c710a87
hero_skill|hero_kaisa|P|体表活肤,60,hero_skill,hero_kaisa,P,体表活肤,kaisa-p,,,already_covered,migrated,数据参考/lol-wiki-current-champions/normalized/generic/kaisa-p.json@rev4038390 sha256:f7adc35c58f47d28f8bd098a1303cf5cfef5a414783cde389ecf07240e95515f
hero_skill|hero_kaisa|Q|艾卡西亚暴雨,61,hero_skill,hero_kaisa,Q,艾卡西亚暴雨,kaisa-q,,,out_of_scope_for_single_target_dps,blocked,数据参考/lol-wiki-current-champions/normalized/generic/kaisa-q.json@rev4038389 sha256:49de9f47013759a95cad6b8e671efb61d3d8adac02901e70c902b59fc945f71b
hero_skill|hero_kaisa|W|虚空索敌,62,hero_skill,hero_kaisa,W,虚空索敌,kaisa-w,,,out_of_scope_for_single_target_dps,blocked,数据参考/lol-wiki-current-champions/normalized/generic/kaisa-w.json@rev4034696 sha256:aa4ba76c6fa345c711651fa56d9b914d4ea8b7eb3ddfae79d7feb25470d7e3d1
hero_skill|hero_kaisa|E|极限超载,63,hero_skill,hero_kaisa,E,极限超载,kaisa-e,,,out_of_scope_for_single_target_dps,migrated,数据参考/lol-wiki-current-champions/normalized/generic/kaisa-e.json@rev4038391 sha256:327dc441e84bf2b320dccbe9099b4e98bf42562529e95facd417fbbc27d99e24
hero_skill|hero_kaisa|R|猎手本能,64,hero_skill,hero_kaisa,R,猎手本能,kaisa-r,,,out_of_scope_for_single_target_dps,out_of_scope,数据参考/lol-wiki-current-champions/normalized/generic/kaisa-r.json@rev4034697 sha256:26363a1044fc3c3b6fc956f17ca084458faadbe54ac1b49196004502447cfe5c
hero_skill|hero_kalista|P|武术姿态,65,hero_skill,hero_kalista,P,武术姿态,kalista-p,,,needs_runtime_extension,out_of_scope,数据参考/lol-wiki-current-champions/normalized/generic/kalista-p.json@rev4024157 sha256:7013120001320afc36df5ec9f3cf7b30958bde563c5b85f32dff704c1f5fcd38
hero_skill|hero_kalista|Q|穿刺,66,hero_skill,hero_kalista,Q,穿刺,kalista-q,,,needs_manual_baseline,blocked,数据参考/lol-wiki-current-champions/normalized/generic/kalista-q.json@rev3997075 sha256:90c490d921da436134c318249fa7d0038ceaa97dfb76e5bdaa0b330a43676a67
hero_skill|hero_kalista|W|哨兵,67,hero_skill,hero_kalista,W,哨兵,kalista-w,,,out_of_scope_for_single_target_dps,blocked,数据参考/lol-wiki-current-champions/normalized/generic/kalista-w.json@rev4007621 sha256:d5b77c4c464ee11521130013b07ed004444bb20e442ee53379fd5ec9802c2e2d
hero_skill|hero_kalista|E|撕裂,68,hero_skill,hero_kalista,E,撕裂,kalista-e,,,out_of_scope_for_single_target_dps,blocked,数据参考/lol-wiki-current-champions/normalized/generic/kalista-e.json@rev4004071 sha256:6b94b5174a623058abbee2e716ea59298a2ddc3b79741660b89faf4e6913ede7
hero_skill|hero_kalista|R|命运的召唤,69,hero_skill,hero_kalista,R,命运的召唤,kalista-r,,,out_of_scope_for_single_target_dps,out_of_scope,数据参考/lol-wiki-current-champions/normalized/generic/kalista-r.json@rev4015001 sha256:939f9f6c32951755ca72bdedfd46846ec18da20991e1cc9275a642a063d3d69c
hero_skill|hero_kayle|P|登神长阶,70,hero_skill,hero_kayle,P,登神长阶,kayle-p,,,needs_runtime_extension,blocked,数据参考/lol-wiki-current-champions/normalized/generic/kayle-p.json@rev4038393 sha256:57059ceeffcd2a5988c64b9ea63552a6c7837cc4dffb4c02803f288b7c629a81
hero_skill|hero_kayle|Q|耀焰冲击,71,hero_skill,hero_kayle,Q,耀焰冲击,kayle-q,,,out_of_scope_for_single_target_dps,migrated,数据参考/lol-wiki-current-champions/normalized/generic/kayle-q.json@rev4005105 sha256:ded516de4861d88de21ba54de9a8723b654f424f1cc3f9dac30d06382ee1a87c
hero_skill|hero_kayle|W|星界恩典,72,hero_skill,hero_kayle,W,星界恩典,kayle-w,,,out_of_scope_for_single_target_dps,out_of_scope,数据参考/lol-wiki-current-champions/normalized/generic/kayle-w.json@rev3997873 sha256:e3a13c31ef392b69d09506ddaca57190d577f95fdbd7a61a030b749e5afc334e
hero_skill|hero_kayle|E|星火符刃,73,hero_skill,hero_kayle,E,星火符刃,kayle-e,,,out_of_scope_for_single_target_dps,blocked,数据参考/lol-wiki-current-champions/normalized/generic/kayle-e.json@rev3982990 sha256:2b0a053f7f651c1f822100256bc2126987de1ec4aa4003d7d4c761d132aca4b3
hero_skill|hero_kayle|R|圣裁之刻,74,hero_skill,hero_kayle,R,圣裁之刻,kayle-r,,,out_of_scope_for_single_target_dps,blocked,数据参考/lol-wiki-current-champions/normalized/generic/kayle-r.json@rev3962015 sha256:58ddb9c5d041d7741263b05a24de93a123bc83bf7261bcfec77b8dba3042b21f
hero_skill|hero_kindred|P|千珏之印,75,hero_skill,hero_kindred,P,千珏之印,kindred-p,,,already_covered,migrated,数据参考/lol-wiki-current-champions/normalized/generic/kindred-p.json@rev3994253 sha256:9ac60eae427fac9ba279734dba2c01b34852eb0be84a01d95296328794afc14a
hero_skill|hero_kindred|Q|乱箭之舞,76,hero_skill,hero_kindred,Q,乱箭之舞,kindred-q,,,out_of_scope_for_single_target_dps,blocked,数据参考/lol-wiki-current-champions/normalized/generic/kindred-q.json@rev4007746 sha256:283e590573c7df7385cf317dd4bf881f84af6227080f444ead1d3fd11bb9f3a0
hero_skill|hero_kindred|W|狼灵狂热,77,hero_skill,hero_kindred,W,狼灵狂热,kindred-w,,,out_of_scope_for_single_target_dps,blocked,数据参考/lol-wiki-current-champions/normalized/generic/kindred-w.json@rev4038396 sha256:0bf8193ea5a15df5822b58d5a5412defe2a26f5fc8524100b14d0fe793f08185
hero_skill|hero_kindred|E|横生惧意,78,hero_skill,hero_kindred,E,横生惧意,kindred-e,,,needs_runtime_extension,blocked,数据参考/lol-wiki-current-champions/normalized/generic/kindred-e.json@rev4022506 sha256:19b3fcaebacc7f41676122e57574eb3e4a91cbc838a915439c02f6cca79bf5b4
hero_skill|hero_kindred|R|羊灵生息,79,hero_skill,hero_kindred,R,羊灵生息,kindred-r,,,out_of_scope_for_single_target_dps,out_of_scope,数据参考/lol-wiki-current-champions/normalized/generic/kindred-r.json@rev4024177 sha256:4504f638dee142c05bdf610df4e95661bfe6a06c0a9e3be1ea2c79814cef2def
hero_skill|hero_kogmaw|P|来自艾卡西亚的惊喜,80,hero_skill,hero_kogmaw,P,来自艾卡西亚的惊喜,kogmaw-p,,,out_of_scope_for_single_target_dps,blocked,数据参考/lol-wiki-current-champions/normalized/generic/kogmaw-p.json@rev4038400 sha256:b2fce14041b308df48350e51bd49e4211798d39ba3343f1ada899ba7637bb583
hero_skill|hero_kogmaw|Q|腐蚀唾液,81,hero_skill,hero_kogmaw,Q,腐蚀唾液,kogmaw-q,,,already_covered,migrated,数据参考/lol-wiki-current-champions/normalized/generic/kogmaw-q.json@rev3960434 sha256:f651035612e1deeda77df641f5a0e21226ec74aeb4633e0f211780efc3f39a7d
hero_skill|hero_kogmaw|W|生化弹幕,82,hero_skill,hero_kogmaw,W,生化弹幕,kogmaw-w,,,already_covered,migrated,数据参考/lol-wiki-current-champions/normalized/generic/kogmaw-w.json@rev3949878 sha256:2992e04a65f8dbe84b21420c234ca202c5d3772e83fa4cc3bd673a1f5af3b982
hero_skill|hero_kogmaw|E|虚空淤泥,83,hero_skill,hero_kogmaw,E,虚空淤泥,kogmaw-e,,,out_of_scope_for_single_target_dps,blocked,数据参考/lol-wiki-current-champions/normalized/generic/kogmaw-e.json@rev3965135 sha256:1dd448ea1985237f002dec43e2bf93d860eb976f7c98e75883254cb3cf70794b
hero_skill|hero_kogmaw|R|活体大炮,84,hero_skill,hero_kogmaw,R,活体大炮,kogmaw-r,,,out_of_scope_for_single_target_dps,blocked,数据参考/lol-wiki-current-champions/normalized/generic/kogmaw-r.json@rev4007636 sha256:32f8dd8d875aaf95cec2be9cfe4a5a5526881b956f2f23e06ab87dc331ca8641
hero_skill|hero_lucian|P|圣光银弹,85,hero_skill,hero_lucian,P,圣光银弹,lucian-p,,,out_of_scope_for_single_target_dps,blocked,数据参考/lol-wiki-current-champions/normalized/generic/lucian-p.json@rev4041164 sha256:2075552afd37574e37c167fb7f2d937d2cb00d24999b59dd494c15dd819cd158
hero_skill|hero_lucian|Q|透体圣光,86,hero_skill,hero_lucian,Q,透体圣光,lucian-q,,,needs_manual_baseline,blocked,数据参考/lol-wiki-current-champions/normalized/generic/lucian-q.json@rev3982579 sha256:d7b03d15af48312a0ea5a06fa147b43c46d2a7ee6e1491dd121d796a2e452981
hero_skill|hero_lucian|W|热诚烈弹,87,hero_skill,hero_lucian,W,热诚烈弹,lucian-w,,,out_of_scope_for_single_target_dps,blocked,数据参考/lol-wiki-current-champions/normalized/generic/lucian-w.json@rev3594941 sha256:b1ea7bc7a2e48be9ab97acfa1fc5addb80b8dd236dc97bd3d57c5e90951418c5
hero_skill|hero_lucian|E|冷酷追击,88,hero_skill,hero_lucian,E,冷酷追击,lucian-e,,,out_of_scope_for_single_target_dps,out_of_scope,数据参考/lol-wiki-current-champions/normalized/generic/lucian-e.json@rev4008455 sha256:52a774f50fb5339e43676ae544b13bdf9c1d5963e338353f9ac7e23d7aea92ba
hero_skill|hero_lucian|R|圣枪洗礼,89,hero_skill,hero_lucian,R,圣枪洗礼,lucian-r,,,needs_manual_baseline,blocked,数据参考/lol-wiki-current-champions/normalized/generic/lucian-r.json@rev4007670 sha256:7a4679542eebdebf25da391a1222f08df2f416c641f48473d528e62296b9a2f7
hero_skill|hero_missfortune|P|厄运的眷顾,90,hero_skill,hero_missfortune,P,厄运的眷顾,missfortune-p,,,needs_manual_baseline,blocked,数据参考/lol-wiki-current-champions/normalized/generic/missfortune-p.json@rev4027989 sha256:2ed72684109983e9116050fcc34d6536903b9d04c0569f6633f4b734daae7527
hero_skill|hero_missfortune|Q|一箭双雕,91,hero_skill,hero_missfortune,Q,一箭双雕,missfortune-q,,,out_of_scope_for_single_target_dps,blocked,数据参考/lol-wiki-current-champions/normalized/generic/missfortune-q.json@rev3993572 sha256:0a54b482c654246ae877966b87882d49ab73fc9fad075e5483a04b3b7081e1ed
hero_skill|hero_missfortune|W|大步流星,92,hero_skill,hero_missfortune,W,大步流星,missfortune-w,,,out_of_scope_for_single_target_dps,blocked,数据参考/lol-wiki-current-champions/normalized/generic/missfortune-w.json@rev4015416 sha256:ce7f3c75f7fde611ed0edd3f61b0ac306fb9896038f81214a88998ca84bd892f
hero_skill|hero_missfortune|E|枪林弹雨,93,hero_skill,hero_missfortune,E,枪林弹雨,missfortune-e,,,out_of_scope_for_single_target_dps,blocked,数据参考/lol-wiki-current-champions/normalized/generic/missfortune-e.json@rev3936384 sha256:a38b513373be3b0491f7c967af8827dbdc9196452e5feb25614af3b78ab286f7
hero_skill|hero_missfortune|R|弹幕时间,94,hero_skill,hero_missfortune,R,弹幕时间,missfortune-r,,,needs_runtime_extension,blocked,数据参考/lol-wiki-current-champions/normalized/generic/missfortune-r.json@rev3987215 sha256:354cac88f79defa26369f485743f697bf61b50a814b008a8aa6c308b7e394d8a
hero_skill|hero_quinn|P|侵扰,95,hero_skill,hero_quinn,P,侵扰,quinn-p,,,needs_manual_baseline,blocked,数据参考/lol-wiki-current-champions/normalized/generic/quinn-p.json@rev4024765 sha256:740debfb3b72dd7f926337f7eb4adbe3a65c88caec227ca16e00dff6634f798c
hero_skill|hero_quinn|Q|炫目攻势,96,hero_skill,hero_quinn,Q,炫目攻势,quinn-q,,,out_of_scope_for_single_target_dps,blocked,数据参考/lol-wiki-current-champions/normalized/generic/quinn-q.json@rev4024766 sha256:abce6abdc2eefd069beba2d4297a1c9da5b1a675a426edb747346d9679d8085d
hero_skill|hero_quinn|W|敏锐感知,97,hero_skill,hero_quinn,W,敏锐感知,quinn-w,,,out_of_scope_for_single_target_dps,migrated,数据参考/lol-wiki-current-champions/normalized/generic/quinn-w.json@rev4024767 sha256:d7ac8dad4099a83a2cd898fa4a913fd6700f6dcd459271d2fe93090778b323d3
hero_skill|hero_quinn|E|旋翔掠杀,98,hero_skill,hero_quinn,E,旋翔掠杀,quinn-e,,,needs_runtime_extension,blocked,数据参考/lol-wiki-current-champions/normalized/generic/quinn-e.json@rev4024768 sha256:9f6baba1d062b473d41586cd8323f31bd7c1c4d865db134a783c19ae998e7714
hero_skill|hero_quinn|R|深入敌后,99,hero_skill,hero_quinn,R,深入敌后,quinn-r,,,out_of_scope_for_single_target_dps,blocked,数据参考/lol-wiki-current-champions/normalized/generic/quinn-r.json@rev4021953 sha256:dcb0152c001edd23b95b81d2a8da588ce46ed0e658def89615bf3cc36e1aaa8c
hero_skill|hero_samira|P|悍勇本色,100,hero_skill,hero_samira,P,悍勇本色,samira-p,,,needs_runtime_extension,blocked,数据参考/lol-wiki-current-champions/normalized/generic/samira-p.json@rev4008026 sha256:0ae9bfd6e6fbd9d63412fa98c64f2fd5e4825293a91df13602730358e428090e
hero_skill|hero_samira|Q|交火,101,hero_skill,hero_samira,Q,交火,samira-q,,,needs_runtime_extension,blocked,数据参考/lol-wiki-current-champions/normalized/generic/samira-q.json@rev4008027 sha256:7f65786ccae8186903166195be9151294adef3539fe97f067de4273e162cd203
hero_skill|hero_samira|W|锋旋,102,hero_skill,hero_samira,W,锋旋,samira-w,,,out_of_scope_for_single_target_dps,blocked,数据参考/lol-wiki-current-champions/normalized/generic/samira-w.json@rev3936240 sha256:a45a727dec4a914ff28dff4dd35f4f8333ec429fe758623c991da5eaa0f5314b
hero_skill|hero_samira|E|狂飙,103,hero_skill,hero_samira,E,狂飙,samira-e,,,out_of_scope_for_single_target_dps,blocked,数据参考/lol-wiki-current-champions/normalized/generic/samira-e.json@rev4008028 sha256:a4cadd7417a20386273b6317e8bfec7c93bb0945a7f0b65a4e12de8571097480
hero_skill|hero_samira|R|炼狱扳机,104,hero_skill,hero_samira,R,炼狱扳机,samira-r,,,out_of_scope_for_single_target_dps,blocked,数据参考/lol-wiki-current-champions/normalized/generic/samira-r.json@rev3992663 sha256:4b7e8eea31dda62bc4ec084db3fdc964668d6316e495fc62bdb78cde64296a9f
hero_skill|hero_senna|P|赦除,105,hero_skill,hero_senna,P,赦除,senna-p,,,out_of_scope_for_single_target_dps,blocked,数据参考/lol-wiki-current-champions/normalized/generic/senna-p.json@rev4034707 sha256:375dcdffaf52df41183e2036f0a3fc682168f3f6d012fa6017b21760e0dd5a63
hero_skill|hero_senna|Q|黑暗洞灭,106,hero_skill,hero_senna,Q,黑暗洞灭,senna-q,,,out_of_scope_for_single_target_dps,blocked,数据参考/lol-wiki-current-champions/normalized/generic/senna-q.json@rev4042887 sha256:e546be97aaf2f4b9ff2468b22a144f37933f3a6a4a29e2e1d45a69c0adcb8a41
hero_skill|hero_senna|W|无尽厮守,107,hero_skill,hero_senna,W,无尽厮守,senna-w,,,out_of_scope_for_single_target_dps,blocked,数据参考/lol-wiki-current-champions/normalized/generic/senna-w.json@rev4009139 sha256:48698aa2864b79564b1ea0ed624de8fc7123c3127c1e56deaa002d1aad3c8492
hero_skill|hero_senna|E|黑雾咒附,108,hero_skill,hero_senna,E,黑雾咒附,senna-e,,,out_of_scope_for_single_target_dps,out_of_scope,数据参考/lol-wiki-current-champions/normalized/generic/senna-e.json@rev3994514 sha256:644c55c1e09333af03ffb84e7120dec5da6d7d0c93c872b83ea4b4d5ae48956f
hero_skill|hero_senna|R|暗影燎原,109,hero_skill,hero_senna,R,暗影燎原,senna-r,,,out_of_scope_for_single_target_dps,blocked,数据参考/lol-wiki-current-champions/normalized/generic/senna-r.json@rev4008033 sha256:4de188cce3d04f172d37f07db4e7c8e240388c5346f56838c82a3e6205c9de36
hero_skill|hero_sivir|P|敏锐疾行,110,hero_skill,hero_sivir,P,敏锐疾行,sivir-p,,,needs_manual_baseline,out_of_scope,数据参考/lol-wiki-current-champions/normalized/generic/sivir-p.json@rev3985850 sha256:67e71ffb559bf8ad34434dbee65099aa5668fff2618d62127f57c95fff972847
hero_skill|hero_sivir|Q|回旋之刃,111,hero_skill,hero_sivir,Q,回旋之刃,sivir-q,,,needs_manual_baseline,blocked,数据参考/lol-wiki-current-champions/normalized/generic/sivir-q.json@rev4016378 sha256:0adcf3916b63e8b0ae6c2c7ad74d1796e3362a3a22682c58ef92aaccfae43e5e
hero_skill|hero_sivir|W|弹射,112,hero_skill,hero_sivir,W,弹射,sivir-w,,,out_of_scope_for_single_target_dps,blocked,数据参考/lol-wiki-current-champions/normalized/generic/sivir-w.json@rev4008042 sha256:480018d996ad196644fa7dc4af55e1f3028fdfff64af71c5c9ebaf9ad9e63a29
hero_skill|hero_sivir|E|法术护盾,113,hero_skill,hero_sivir,E,法术护盾,sivir-e,,,out_of_scope_for_single_target_dps,out_of_scope,数据参考/lol-wiki-current-champions/normalized/generic/sivir-e.json@rev3788826 sha256:e283e13b19eca7fc1b2d66c587fb251f8407d147f40a943e278bdb7315a14998
hero_skill|hero_sivir|R|狩猎,114,hero_skill,hero_sivir,R,狩猎,sivir-r,,,out_of_scope_for_single_target_dps,out_of_scope,数据参考/lol-wiki-current-champions/normalized/generic/sivir-r.json@rev3936364 sha256:0c76b1e0773133a3183bedab98fa000fcee961703741062dbb15bfc50fb8811a
hero_skill|hero_smolder|P|龙之研习,115,hero_skill,hero_smolder,P,龙之研习,smolder-p,,,needs_manual_baseline,blocked,数据参考/lol-wiki-current-champions/normalized/generic/smolder-p.json@rev4025344 sha256:0df04e3ea2e32d28ad401d5ac2014e4468150f57c9628d06cd2e22c3f7a948f8
hero_skill|hero_smolder|Q|超级灼热龙息,116,hero_skill,hero_smolder,Q,超级灼热龙息,smolder-q,,,out_of_scope_for_single_target_dps,blocked,数据参考/lol-wiki-current-champions/normalized/generic/smolder-q.json@rev4030432 sha256:fa22270e67b597e72bd1eaccf4be98f23be1d5687165e6ef3184ca928199b877
hero_skill|hero_smolder|W|阿嚏！,117,hero_skill,hero_smolder,W,阿嚏！,smolder-w,,,needs_manual_baseline,blocked,数据参考/lol-wiki-current-champions/normalized/generic/smolder-w.json@rev4025346 sha256:554f5a0bea841a52945e39ecafaf8fd8e6460a49ed4f69196957f3d6c30b1744
hero_skill|hero_smolder|E|扑棱，扑棱，扑棱！,118,hero_skill,hero_smolder,E,扑棱，扑棱，扑棱！,smolder-e,,,needs_manual_baseline,blocked,数据参考/lol-wiki-current-champions/normalized/generic/smolder-e.json@rev4025347 sha256:f93a0f829e25f668efae3b0345baa1959256b05410ab6cb2f76afedc0a67c744
hero_skill|hero_smolder|R|妈----！,119,hero_skill,hero_smolder,R,妈----！,smolder-r,,,out_of_scope_for_single_target_dps,blocked,数据参考/lol-wiki-current-champions/normalized/generic/smolder-r.json@rev4025343 sha256:d0fd211614ca3ea3d5b721423a99f5302454b7fd388fca2b9110a23d5490e771
hero_skill|hero_teemo|P|游击队军备,120,hero_skill,hero_teemo,P,游击队军备,teemo-p,,,already_covered,blocked,数据参考/lol-wiki-current-champions/normalized/generic/teemo-p.json@rev4010103 sha256:bbd4dd78e7d12802b24930c655ee16c0527f94771f0b5aa81ffbec2fa4c2d97b
hero_skill|hero_teemo|Q|致盲吹箭,121,hero_skill,hero_teemo,Q,致盲吹箭,teemo-q,,,out_of_scope_for_single_target_dps,blocked,数据参考/lol-wiki-current-champions/normalized/generic/teemo-q.json@rev3948425 sha256:4e3c475ed55ec865f6a9060c8ad0b2665e5379b3ae7e9e5cb644f83212b240a7
hero_skill|hero_teemo|W|小莫快跑,122,hero_skill,hero_teemo,W,小莫快跑,teemo-w,,,out_of_scope_for_single_target_dps,out_of_scope,数据参考/lol-wiki-current-champions/normalized/generic/teemo-w.json@rev4010102 sha256:f7535dae8216d9f31490ba06c55b72308364d450c32eee4b2e167422d3db23c7
hero_skill|hero_teemo|E|毒性射击,123,hero_skill,hero_teemo,E,毒性射击,teemo-e,,,already_covered,migrated,数据参考/lol-wiki-current-champions/normalized/generic/teemo-e.json@rev4022986 sha256:3d6f3bae2dbf2c1a9627f06a82877ca9e39bb9e55010d690cf4d87dd04846613
hero_skill|hero_teemo|R|种蘑菇,124,hero_skill,hero_teemo,R,种蘑菇,teemo-r,,,out_of_scope_for_single_target_dps,blocked,数据参考/lol-wiki-current-champions/normalized/generic/teemo-r.json@rev4015245 sha256:e3ad342c267dfa3b2d0817cecbd7903eccdcac5fa35993fa6a2be45ca46bb548
hero_skill|hero_tristana|P|瞄准,125,hero_skill,hero_tristana,P,瞄准,tristana-p,,,out_of_scope_for_single_target_dps,out_of_scope,数据参考/lol-wiki-current-champions/normalized/generic/tristana-p.json@rev3986179 sha256:079ae9429bb49e84fc8ad0fecd70d7b328bdc6f9995440feeeef2167e218595d
hero_skill|hero_tristana|Q|急速射击,126,hero_skill,hero_tristana,Q,急速射击,tristana-q,,,needs_manual_baseline,blocked,数据参考/lol-wiki-current-champions/normalized/generic/tristana-q.json@rev4026462 sha256:f6465863035c4634510ecc96e9ee04f4a998d150871d88e498e6636e27a9d4da
hero_skill|hero_tristana|W|火箭跳跃,127,hero_skill,hero_tristana,W,火箭跳跃,tristana-w,,,out_of_scope_for_single_target_dps,blocked,数据参考/lol-wiki-current-champions/normalized/generic/tristana-w.json@rev4007758 sha256:cf0e3ae91310ab5e7cc04408941671520e3464f75bc61da683b100ea82e56eec
hero_skill|hero_tristana|E|爆炸火花,128,hero_skill,hero_tristana,E,爆炸火花,tristana-e,,,out_of_scope_for_single_target_dps,blocked,数据参考/lol-wiki-current-champions/normalized/generic/tristana-e.json@rev4008204 sha256:c66748f43bb67ed75c6174bd5ac48083fb3c93fea420d15619bd240cf12fdda7
hero_skill|hero_tristana|R|毁灭射击,129,hero_skill,hero_tristana,R,毁灭射击,tristana-r,,,out_of_scope_for_single_target_dps,blocked,数据参考/lol-wiki-current-champions/normalized/generic/tristana-r.json@rev4008205 sha256:2dff322949f442acc00a7074458fd5ed9bc542d6fd143b818a9a7151e117c058
hero_skill|hero_twistedfate|P|灌铅骰子,130,hero_skill,hero_twistedfate,P,灌铅骰子,twistedfate-p,,,out_of_scope_for_single_target_dps,out_of_scope,数据参考/lol-wiki-current-champions/normalized/generic/twistedfate-p.json@rev4005221 sha256:648891b415595163d1ee7fe1c99e0ca0879ed52d08b4d05aaeaaa82d2d7ed6ef
hero_skill|hero_twistedfate|Q|万能牌,131,hero_skill,hero_twistedfate,Q,万能牌,twistedfate-q,,,needs_manual_baseline,blocked,数据参考/lol-wiki-current-champions/normalized/generic/twistedfate-q.json@rev3950864 sha256:9cdd62cc18d41a4bbe1e42ac8202b40a776f7da51c67c6f2fea37f9ed1f0d597
hero_skill|hero_twistedfate|W|选牌,132,hero_skill,hero_twistedfate,W,选牌,twistedfate-w,,,out_of_scope_for_single_target_dps,blocked,数据参考/lol-wiki-current-champions/normalized/generic/twistedfate-w.json@rev4004668 sha256:f7e801c87dbe09721db968911de5944757184e06cc0b661e6659bbe08f6e26aa
hero_skill|hero_twistedfate|E|卡牌骗术,133,hero_skill,hero_twistedfate,E,卡牌骗术,twistedfate-e,,,already_covered,migrated,数据参考/lol-wiki-current-champions/normalized/generic/twistedfate-e.json@rev3963571 sha256:748d2cc6fc7a537740e1b26c1f7e2270a6eea8afc20d9c82236448fc562587e0
hero_skill|hero_twistedfate|R|命运,134,hero_skill,hero_twistedfate,R,命运,twistedfate-r,,,out_of_scope_for_single_target_dps,out_of_scope,数据参考/lol-wiki-current-champions/normalized/generic/twistedfate-r.json@rev4017975 sha256:afc397445e334baa35fe369ff56fac0d1792306eda5234d0e39e1fbfde485a06
hero_skill|hero_twitch|P|死亡毒液,135,hero_skill,hero_twitch,P,死亡毒液,twitch-p,,,already_covered,blocked,数据参考/lol-wiki-current-champions/normalized/generic/twitch-p.json@rev4013286 sha256:1567c0efec7f9e9021f6dc02410f92262dfa30128acc457c531199dbc9121b44
hero_skill|hero_twitch|Q|埋伏,136,hero_skill,hero_twitch,Q,埋伏,twitch-q,,,already_covered,blocked,数据参考/lol-wiki-current-champions/normalized/generic/twitch-q.json@rev3982645 sha256:7d564e7969cb578018a8ff9f7e1d9a2c8c051f201a4ba2dfe985a5a79f689df3
hero_skill|hero_twitch|W|剧毒之桶,137,hero_skill,hero_twitch,W,剧毒之桶,twitch-w,,,out_of_scope_for_single_target_dps,out_of_scope,数据参考/lol-wiki-current-champions/normalized/generic/twitch-w.json@rev4012250 sha256:acb1edf3d7f34aba53c08696487e75be11a3197ea2a360b0047cb7c28365c807
hero_skill|hero_twitch|E|毒性爆发,138,hero_skill,hero_twitch,E,毒性爆发,twitch-e,,,out_of_scope_for_single_target_dps,blocked,数据参考/lol-wiki-current-champions/normalized/generic/twitch-e.json@rev3907215 sha256:f9daa9e2c0474c33360215062ef79244f1606198bc3b771b7e8e5aa58bedf37c
hero_skill|hero_twitch|R|火力全开,139,hero_skill,hero_twitch,R,火力全开,twitch-r,,,needs_runtime_extension,blocked,数据参考/lol-wiki-current-champions/normalized/generic/twitch-r.json@rev3993607 sha256:feb40917d12acfbe759ee89441aba5dd22c0257bc0fc2b662e494c3a79afea79
hero_skill|hero_varus|P|复仇之欲,140,hero_skill,hero_varus,P,复仇之欲,varus-p,,,already_covered,blocked,数据参考/lol-wiki-current-champions/normalized/generic/varus-p.json@rev4026465 sha256:9ecf0d698d0ec56f2c19bed4e49b22aec35fb51ad0d1f6785d45b3084edc83c5
hero_skill|hero_varus|Q|穿刺之箭,141,hero_skill,hero_varus,Q,穿刺之箭,varus-q,,,out_of_scope_for_single_target_dps,blocked,数据参考/lol-wiki-current-champions/normalized/generic/varus-q.json@rev4026469 sha256:bdbbe064008b969e153800f7d5cdb305f84eca1ef043d8e6f8ce41c5db2659dd
hero_skill|hero_varus|W|枯萎箭袋,142,hero_skill,hero_varus,W,枯萎箭袋,varus-w,,,already_covered,blocked,数据参考/lol-wiki-current-champions/normalized/generic/varus-w.json@rev4026472 sha256:16307174c4039d8ce71e639396328b2473f4a7e16247a7b2f8a183599b0901d2
hero_skill|hero_varus|E|恶灵箭雨,143,hero_skill,hero_varus,E,恶灵箭雨,varus-e,,,out_of_scope_for_single_target_dps,blocked,数据参考/lol-wiki-current-champions/normalized/generic/varus-e.json@rev3969402 sha256:7b4be71bcc26ba933dff0235882d272c14e406abbf505290018ba15a5ba658e9
hero_skill|hero_varus|R|腐败锁链,144,hero_skill,hero_varus,R,腐败锁链,varus-r,,,out_of_scope_for_single_target_dps,blocked,数据参考/lol-wiki-current-champions/normalized/generic/varus-r.json@rev4008213 sha256:62b397cc7133a767427e00a1a5b435fcb3fd94b4ec5021be4a7869837683e4ed
hero_skill|hero_vayne|P|暗夜猎手,145,hero_skill,hero_vayne,P,暗夜猎手,vayne-p,,,out_of_scope_for_single_target_dps,out_of_scope,数据参考/lol-wiki-current-champions/normalized/generic/vayne-p.json@rev3920984 sha256:4048647af4d24a7f3dee2dc4ab56b1f72766289a0e61241cb3cc02e88736d75d
hero_skill|hero_vayne|Q|闪避突袭,146,hero_skill,hero_vayne,Q,闪避突袭,vayne-q,,,needs_runtime_extension,blocked,数据参考/lol-wiki-current-champions/normalized/generic/vayne-q.json@rev4015566 sha256:5ae387c07aa6c510a9da57df976b6e6ba9d3b52490fa91ce59e1221813fe9dad
hero_skill|hero_vayne|W|圣银弩箭,147,hero_skill,hero_vayne,W,圣银弩箭,vayne-w,,,already_covered,migrated,数据参考/lol-wiki-current-champions/normalized/generic/vayne-w.json@rev3949891 sha256:fe4559b2bca55dc8d95c66e9241d96b77c4abe2cb39505f7ce90bfe174886e41
hero_skill|hero_vayne|E|恶魔审判,148,hero_skill,hero_vayne,E,恶魔审判,vayne-e,,,needs_manual_baseline,blocked,数据参考/lol-wiki-current-champions/normalized/generic/vayne-e.json@rev4008541 sha256:f2b2ba17b90ff5096a9a154f8d1fd4cc43ed3e1be4ebb502cb644acf17712c37
hero_skill|hero_vayne|R|终极时刻,149,hero_skill,hero_vayne,R,终极时刻,vayne-r,,,out_of_scope_for_single_target_dps,blocked,数据参考/lol-wiki-current-champions/normalized/generic/vayne-r.json@rev3807995 sha256:e417f1cfc5e8253fdfe8140c4659e8fe63441c38ca3aa1e37d69aa31e25d682d
hero_skill|hero_xayah|P|锐切,150,hero_skill,hero_xayah,P,锐切,xayah-p,,,needs_manual_baseline,blocked,数据参考/lol-wiki-current-champions/normalized/generic/xayah-p.json@rev3967343 sha256:5cfe6e5e30cdc8e6fde07791288f5a85e5ef01f543670ce2248323ccb6ead171
hero_skill|hero_xayah|Q|双刃,151,hero_skill,hero_xayah,Q,双刃,xayah-q,,,needs_manual_baseline,blocked,数据参考/lol-wiki-current-champions/normalized/generic/xayah-q.json@rev4008615 sha256:8010e567d2366730c5eb6cd0a31baec09c7f5137018ab2ca15fd84f167d990fd
hero_skill|hero_xayah|W|致死羽衣,152,hero_skill,hero_xayah,W,致死羽衣,xayah-w,,,out_of_scope_for_single_target_dps,migrated,数据参考/lol-wiki-current-champions/normalized/generic/xayah-w.json@rev4010669 sha256:09d5476533722311e85c4ca79813cd0bec2cf35d105be894b80dac14478845a7
hero_skill|hero_xayah|E|倒钩,153,hero_skill,hero_xayah,E,倒钩,xayah-e,,,needs_manual_baseline,blocked,数据参考/lol-wiki-current-champions/normalized/generic/xayah-e.json@rev4002073 sha256:3e6ffa135022f13984b26d9551afc323444e1ff9e80506ece5afba820827d486
hero_skill|hero_xayah|R|暴风羽刃,154,hero_skill,hero_xayah,R,暴风羽刃,xayah-r,,,needs_manual_baseline,blocked,数据参考/lol-wiki-current-champions/normalized/generic/xayah-r.json@rev4008617 sha256:cb5c8ba5486a55027e7c2252589fa8e5d821d346cc44afa99243de71ce5b3077
hero_skill|hero_yunara|P|初生之誓,155,hero_skill,hero_yunara,P,初生之誓,yunara-p,,,needs_runtime_extension,blocked,数据参考/lol-wiki-current-champions/normalized/generic/yunara-p.json@rev4016849 sha256:ff68851d6585864c8e8d937d52ff431f4776df68eecd41a26a45ebd2398f3679
hero_skill|hero_yunara|Q|灵蕴拳,156,hero_skill,hero_yunara,Q,灵蕴拳,yunara-q,,,out_of_scope_for_single_target_dps,blocked,数据参考/lol-wiki-current-champions/normalized/generic/yunara-q.json@rev4041330 sha256:d5554af1c3b781b8d27de90bd325493a23d270f095e3c8e48377a1e4d159d2a4
hero_skill|hero_yunara|W|善恶轮 | 寂灭掌,157,hero_skill,hero_yunara,W,善恶轮 | 寂灭掌,yunara-w,,,out_of_scope_for_single_target_dps,blocked,数据参考/lol-wiki-current-champions/normalized/generic/yunara-w.json@rev4008650 sha256:d41412bf696ea8f7c30d1cd412535ce27bf3f5019498141fdf72e76659316bff
hero_skill|hero_yunara|E|明踪步 | 夜影翻,158,hero_skill,hero_yunara,E,明踪步 | 夜影翻,yunara-e,,,out_of_scope_for_single_target_dps,out_of_scope,数据参考/lol-wiki-current-champions/normalized/generic/yunara-e.json@rev3960443 sha256:d3ea6d4af438dd7138ac7a655d75243e04988dccb08922bd3a6d116313720b85
hero_skill|hero_yunara|R|定圣诀,159,hero_skill,hero_yunara,R,定圣诀,yunara-r,,,out_of_scope_for_single_target_dps,blocked,数据参考/lol-wiki-current-champions/normalized/generic/yunara-r.json@rev4038856 sha256:08923a97970d25edccf48fec7efa219d80615969ee3f2be14c7659ed4bef7462
hero_skill|hero_zeri|P|内能迁转,160,hero_skill,hero_zeri,P,内能迁转,zeri-p,,,needs_manual_baseline,blocked,数据参考/lol-wiki-current-champions/normalized/generic/zeri-p.json@rev4041739 sha256:606fca74a738c7316244158d054700a73b8c4e4ccd63e90e3dc0814f533a737b
hero_skill|hero_zeri|Q|电火迸射,161,hero_skill,hero_zeri,Q,电火迸射,zeri-q,,,needs_manual_baseline,blocked,数据参考/lol-wiki-current-champions/normalized/generic/zeri-q.json@rev4041832 sha256:23aff813263c819fc05d70d5512b0db552478597ded7ba183856781edea8ab22
hero_skill|hero_zeri|W|强穿激光,162,hero_skill,hero_zeri,W,强穿激光,zeri-w,,,out_of_scope_for_single_target_dps,blocked,数据参考/lol-wiki-current-champions/normalized/generic/zeri-w.json@rev4013271 sha256:15fcbdd7e08c794cfe503b860732dfead4092b1e4aaa9b8a482a4ac70e6d4bb2
hero_skill|hero_zeri|E|灿丽花火,163,hero_skill,hero_zeri,E,灿丽花火,zeri-e,,,out_of_scope_for_single_target_dps,blocked,数据参考/lol-wiki-current-champions/normalized/generic/zeri-e.json@rev4015351 sha256:87000a9142ce2f8481ffd9683a231b32a87681e531d2a4dd6a06bfa52fa42d4d
hero_skill|hero_zeri|R|超限爆闪,164,hero_skill,hero_zeri,R,超限爆闪,zeri-r,,,out_of_scope_for_single_target_dps,blocked,数据参考/lol-wiki-current-champions/normalized/generic/zeri-r.json@rev4016978 sha256:d5335584b29602564b602b4711db7584d5ccaa03e1c4232f73c1b45e6da76240
item_passive|2501|item_passive|专横,165,item_passive,2501,item_passive,专横,,2501,pass,needs_manual_baseline,migrated,数据参考/lol-wiki-current-items/current-items.normalized.json#item_2501_slots_pass@revid4030984 sha256:e7818effb888c6d2474496ee20378ecb57e335ccf9ace16630fda7d0daceac2d
item_passive|2501|item_passive|报复,166,item_passive,2501,item_passive,报复,,2501,pass2,needs_manual_baseline,migrated,数据参考/lol-wiki-current-items/current-items.normalized.json#item_2501_slots_pass2@revid4030984 sha256:e7818effb888c6d2474496ee20378ecb57e335ccf9ace16630fda7d0daceac2d
item_passive|2510|item_passive|咒刃,167,item_passive,2510,item_passive,咒刃,,2510,pass,needs_runtime_extension,partial,数据参考/lol-wiki-current-items/current-items.normalized.json#item_2510_slots_pass@revid4030984 sha256:e7818effb888c6d2474496ee20378ecb57e335ccf9ace16630fda7d0daceac2d
item_passive|2512|item_passive|守夜,168,item_passive,2512,item_passive,守夜,,2512,pass,out_of_scope_for_single_target_dps,out_of_scope,数据参考/lol-wiki-current-items/current-items.normalized.json#item_2512_slots_pass@revid4030984 sha256:e7818effb888c6d2474496ee20378ecb57e335ccf9ace16630fda7d0daceac2d
item_passive|2512|item_passive|开战弹幕,169,item_passive,2512,item_passive,开战弹幕,,2512,pass2,needs_runtime_extension,migrated,数据参考/lol-wiki-current-items/current-items.normalized.json#item_2512_slots_pass2@revid4030984 sha256:e7818effb888c6d2474496ee20378ecb57e335ccf9ace16630fda7d0daceac2d
item_passive|2517|item_passive|饥馑,170,item_passive,2517,item_passive,饥馑,,2517,pass,out_of_scope_for_single_target_dps,out_of_scope,数据参考/lol-wiki-current-items/current-items.normalized.json#item_2517_slots_pass@revid4030984 sha256:e7818effb888c6d2474496ee20378ecb57e335ccf9ace16630fda7d0daceac2d
item_passive|2517|item_passive|盛宴,171,item_passive,2517,item_passive,盛宴,,2517,pass2,out_of_scope_for_single_target_dps,out_of_scope,数据参考/lol-wiki-current-items/current-items.normalized.json#item_2517_slots_pass2@revid4030984 sha256:e7818effb888c6d2474496ee20378ecb57e335ccf9ace16630fda7d0daceac2d
item_passive|2520|item_passive|成型炸药,172,item_passive,2520,item_passive,成型炸药,,2520,pass,out_of_scope_for_single_target_dps,migrated,数据参考/lol-wiki-current-items/current-items.normalized.json#item_2520_slots_pass@revid4030984 sha256:e7818effb888c6d2474496ee20378ecb57e335ccf9ace16630fda7d0daceac2d
item_passive|2520|item_passive|破坏,173,item_passive,2520,item_passive,破坏,,2520,pass2,out_of_scope_for_single_target_dps,out_of_scope,数据参考/lol-wiki-current-items/current-items.normalized.json#item_2520_slots_pass2@revid4030984 sha256:e7818effb888c6d2474496ee20378ecb57e335ccf9ace16630fda7d0daceac2d
item_passive|2523|item_passive|高倍望远镜,174,item_passive,2523,item_passive,高倍望远镜,,2523,pass,already_covered,migrated,数据参考/lol-wiki-current-items/current-items.normalized.json#item_2523_slots_pass@revid4030984 sha256:e7818effb888c6d2474496ee20378ecb57e335ccf9ace16630fda7d0daceac2d
item_passive|2523|item_passive|奥术瞄准,175,item_passive,2523,item_passive,奥术瞄准,,2523,pass2,out_of_scope_for_single_target_dps,out_of_scope,数据参考/lol-wiki-current-items/current-items.normalized.json#item_2523_slots_pass2@revid4030984 sha256:e7818effb888c6d2474496ee20378ecb57e335ccf9ace16630fda7d0daceac2d
item_passive|3004|item_passive|敬畏,176,item_passive,3004,item_passive,敬畏,,3004,pass,needs_manual_baseline,migrated,数据参考/lol-wiki-current-items/current-items.normalized.json#item_3004_slots_pass@revid4030984 sha256:e7818effb888c6d2474496ee20378ecb57e335ccf9ace16630fda7d0daceac2d
item_passive|3004|item_passive|法力流,177,item_passive,3004,item_passive,法力流,,3004,pass2+pass3,needs_manual_baseline,blocked,数据参考/lol-wiki-current-items/current-items.normalized.json#item_3004_slots_pass2+pass3@revid4030984 sha256:e7818effb888c6d2474496ee20378ecb57e335ccf9ace16630fda7d0daceac2d
item_passive|3026|item_passive|重生,178,item_passive,3026,item_passive,重生,,3026,pass,out_of_scope_for_single_target_dps,out_of_scope,数据参考/lol-wiki-current-items/current-items.normalized.json#item_3026_slots_pass@revid4030984 sha256:e7818effb888c6d2474496ee20378ecb57e335ccf9ace16630fda7d0daceac2d
item_passive|3031|item_passive|无被动或仅主动/属性,179,item_passive,3031,item_passive,无被动或仅主动/属性,,3031,,out_of_scope_for_single_target_dps,out_of_scope,数据参考/lol-wiki-current-items/current-items.normalized.json#item_3031_slots_@revid4030984 sha256:e7818effb888c6d2474496ee20378ecb57e335ccf9ace16630fda7d0daceac2d
item_passive|3032|item_passive|熟能生巧,180,item_passive,3032,item_passive,熟能生巧,,3032,pass,needs_manual_baseline,migrated,数据参考/lol-wiki-current-items/current-items.normalized.json#item_3032_slots_pass@revid4030984 sha256:e7818effb888c6d2474496ee20378ecb57e335ccf9ace16630fda7d0daceac2d
item_passive|3032|item_passive|疾风骤雨,181,item_passive,3032,item_passive,疾风骤雨,,3032,pass2,out_of_scope_for_single_target_dps,migrated,数据参考/lol-wiki-current-items/current-items.normalized.json#item_3032_slots_pass2@revid4030984 sha256:e7818effb888c6d2474496ee20378ecb57e335ccf9ace16630fda7d0daceac2d
item_passive|3033|item_passive|重伤,182,item_passive,3033,item_passive,重伤,,3033,pass,needs_manual_baseline,out_of_scope,数据参考/lol-wiki-current-items/current-items.normalized.json#item_3033_slots_pass@revid4030984 sha256:e7818effb888c6d2474496ee20378ecb57e335ccf9ace16630fda7d0daceac2d
item_passive|3036|item_passive|巨人杀手,183,item_passive,3036,item_passive,巨人杀手,,3036,pass,needs_runtime_extension,migrated,数据参考/lol-wiki-current-items/current-items.normalized.json#item_3036_slots_pass@revid4030984 sha256:e7818effb888c6d2474496ee20378ecb57e335ccf9ace16630fda7d0daceac2d
item_passive|3046|item_passive|幽影华尔兹,184,item_passive,3046,item_passive,幽影华尔兹,,3046,pass,out_of_scope_for_single_target_dps,out_of_scope,数据参考/lol-wiki-current-items/current-items.normalized.json#item_3046_slots_pass@revid4030984 sha256:e7818effb888c6d2474496ee20378ecb57e335ccf9ace16630fda7d0daceac2d
item_passive|3071|item_passive|切割,185,item_passive,3071,item_passive,切割,,3071,pass,needs_runtime_extension,partial,数据参考/lol-wiki-current-items/current-items.normalized.json#item_3071_slots_pass@revid4030984 sha256:e7818effb888c6d2474496ee20378ecb57e335ccf9ace16630fda7d0daceac2d
item_passive|3071|item_passive|热烈,186,item_passive,3071,item_passive,热烈,,3071,pass2,needs_manual_baseline,out_of_scope,数据参考/lol-wiki-current-items/current-items.normalized.json#item_3071_slots_pass2@revid4030984 sha256:e7818effb888c6d2474496ee20378ecb57e335ccf9ace16630fda7d0daceac2d
item_passive|3072|item_passive|灵液护盾,187,item_passive,3072,item_passive,灵液护盾,,3072,pass,out_of_scope_for_single_target_dps,out_of_scope,数据参考/lol-wiki-current-items/current-items.normalized.json#item_3072_slots_pass@revid4030984 sha256:e7818effb888c6d2474496ee20378ecb57e335ccf9ace16630fda7d0daceac2d
item_passive|3073|item_passive|海克斯充能,188,item_passive,3073,item_passive,海克斯充能,,3073,pass,out_of_scope_for_single_target_dps,out_of_scope,数据参考/lol-wiki-current-items/current-items.normalized.json#item_3073_slots_pass@revid4030984 sha256:e7818effb888c6d2474496ee20378ecb57e335ccf9ace16630fda7d0daceac2d
item_passive|3073|item_passive|过载,189,item_passive,3073,item_passive,过载,,3073,pass2,needs_manual_baseline,migrated,数据参考/lol-wiki-current-items/current-items.normalized.json#item_3073_slots_pass2@revid4030984 sha256:e7818effb888c6d2474496ee20378ecb57e335ccf9ace16630fda7d0daceac2d
item_passive|3074|item_passive|顺劈,190,item_passive,3074,item_passive,顺劈,,3074,pass,out_of_scope_for_single_target_dps,out_of_scope,数据参考/lol-wiki-current-items/current-items.normalized.json#item_3074_slots_pass@revid4030984 sha256:e7818effb888c6d2474496ee20378ecb57e335ccf9ace16630fda7d0daceac2d
item_passive|3078|item_passive|咒刃,191,item_passive,3078,item_passive,咒刃,,3078,pass,needs_runtime_extension,migrated,数据参考/lol-wiki-current-items/current-items.normalized.json#item_3078_slots_pass@revid4030984 sha256:e7818effb888c6d2474496ee20378ecb57e335ccf9ace16630fda7d0daceac2d
item_passive|3078|item_passive|加快,192,item_passive,3078,item_passive,加快,,3078,pass2,needs_manual_baseline,out_of_scope,数据参考/lol-wiki-current-items/current-items.normalized.json#item_3078_slots_pass2@revid4030984 sha256:e7818effb888c6d2474496ee20378ecb57e335ccf9ace16630fda7d0daceac2d
item_passive|3085|item_passive|风怒,193,item_passive,3085,item_passive,风怒,,3085,pass,out_of_scope_for_single_target_dps,out_of_scope,数据参考/lol-wiki-current-items/current-items.normalized.json#item_3085_slots_pass@revid4030984 sha256:e7818effb888c6d2474496ee20378ecb57e335ccf9ace16630fda7d0daceac2d
item_passive|3087|item_passive|电火花,194,item_passive,3087,item_passive,电火花,,3087,pass3,out_of_scope_for_single_target_dps,out_of_scope,数据参考/lol-wiki-current-items/current-items.normalized.json#item_3087_slots_pass3@revid4030984 sha256:e7818effb888c6d2474496ee20378ecb57e335ccf9ace16630fda7d0daceac2d
item_passive|3087|item_passive|电疗,195,item_passive,3087,item_passive,电疗,,3087,pass2,needs_runtime_extension,migrated,数据参考/lol-wiki-current-items/current-items.normalized.json#item_3087_slots_pass2@revid4030984 sha256:e7818effb888c6d2474496ee20378ecb57e335ccf9ace16630fda7d0daceac2d
item_passive|3091|item_passive|喧争,196,item_passive,3091,item_passive,喧争,,3091,pass,needs_manual_baseline,migrated,数据参考/lol-wiki-current-items/current-items.normalized.json#item_3091_slots_pass@revid4030984 sha256:e7818effb888c6d2474496ee20378ecb57e335ccf9ace16630fda7d0daceac2d
item_passive|3094|item_passive|神射手,197,item_passive,3094,item_passive,神射手,,3094,pass2,needs_runtime_extension,migrated,数据参考/lol-wiki-current-items/current-items.normalized.json#item_3094_slots_pass2@revid4030984 sha256:e7818effb888c6d2474496ee20378ecb57e335ccf9ace16630fda7d0daceac2d
item_passive|3097|item_passive|盈能,198,item_passive,3097,item_passive,盈能,,3097,pass,needs_runtime_extension,blocked,数据参考/lol-wiki-current-items/current-items.normalized.json#item_3097_slots_pass@revid4030984 sha256:e7818effb888c6d2474496ee20378ecb57e335ccf9ace16630fda7d0daceac2d
item_passive|3097|item_passive|弩箭,199,item_passive,3097,item_passive,弩箭,,3097,pass2,needs_runtime_extension,migrated,数据参考/lol-wiki-current-items/current-items.normalized.json#item_3097_slots_pass2@revid4030984 sha256:e7818effb888c6d2474496ee20378ecb57e335ccf9ace16630fda7d0daceac2d
item_passive|3100|item_passive|咒刃,200,item_passive,3100,item_passive,咒刃,,3100,pass,needs_runtime_extension,migrated,数据参考/lol-wiki-current-items/current-items.normalized.json#item_3100_slots_pass@revid4030984 sha256:e7818effb888c6d2474496ee20378ecb57e335ccf9ace16630fda7d0daceac2d
item_passive|3115|item_passive|艾卡西亚之咬,201,item_passive,3115,item_passive,艾卡西亚之咬,,3115,pass,needs_manual_baseline,migrated,数据参考/lol-wiki-current-items/current-items.normalized.json#item_3115_slots_pass@revid4030984 sha256:e7818effb888c6d2474496ee20378ecb57e335ccf9ace16630fda7d0daceac2d
item_passive|3124|item_passive|怨怒,202,item_passive,3124,item_passive,怨怒,,3124,pass,already_covered,migrated,数据参考/lol-wiki-current-items/current-items.normalized.json#item_3124_slots_pass@revid4030984 sha256:e7818effb888c6d2474496ee20378ecb57e335ccf9ace16630fda7d0daceac2d
item_passive|3124|item_passive|沸腾打击,203,item_passive,3124,item_passive,沸腾打击,,3124,pass2,needs_runtime_extension,migrated,数据参考/lol-wiki-current-items/current-items.normalized.json#item_3124_slots_pass2@revid4030984 sha256:e7818effb888c6d2474496ee20378ecb57e335ccf9ace16630fda7d0daceac2d
item_passive|3139|item_passive|无被动或仅主动/属性,204,item_passive,3139,item_passive,无被动或仅主动/属性,,3139,,out_of_scope_for_single_target_dps,out_of_scope,数据参考/lol-wiki-current-items/current-items.normalized.json#item_3139_slots_@revid4030984 sha256:e7818effb888c6d2474496ee20378ecb57e335ccf9ace16630fda7d0daceac2d
item_passive|3142|item_passive|鬼影萦绕,205,item_passive,3142,item_passive,鬼影萦绕,,3142,pass,out_of_scope_for_single_target_dps,out_of_scope,数据参考/lol-wiki-current-items/current-items.normalized.json#item_3142_slots_pass@revid4030984 sha256:e7818effb888c6d2474496ee20378ecb57e335ccf9ace16630fda7d0daceac2d
item_passive|3146|item_passive|无被动或仅主动/属性,206,item_passive,3146,item_passive,无被动或仅主动/属性,,3146,,out_of_scope_for_single_target_dps,out_of_scope,数据参考/lol-wiki-current-items/current-items.normalized.json#item_3146_slots_@revid4030984 sha256:e7818effb888c6d2474496ee20378ecb57e335ccf9ace16630fda7d0daceac2d
item_passive|3153|item_passive|雾之锋,207,item_passive,3153,item_passive,雾之锋,,3153,pass,already_covered,migrated,数据参考/lol-wiki-current-items/current-items.normalized.json#item_3153_slots_pass@revid4030984 sha256:e7818effb888c6d2474496ee20378ecb57e335ccf9ace16630fda7d0daceac2d
item_passive|3153|item_passive|抓挠之影,208,item_passive,3153,item_passive,抓挠之影,,3153,pass2,out_of_scope_for_single_target_dps,out_of_scope,数据参考/lol-wiki-current-items/current-items.normalized.json#item_3153_slots_pass2@revid4030984 sha256:e7818effb888c6d2474496ee20378ecb57e335ccf9ace16630fda7d0daceac2d
item_passive|3156|item_passive|救主灵刃,209,item_passive,3156,item_passive,救主灵刃,,3156,pass,out_of_scope_for_single_target_dps,out_of_scope,数据参考/lol-wiki-current-items/current-items.normalized.json#item_3156_slots_pass@revid4030984 sha256:e7818effb888c6d2474496ee20378ecb57e335ccf9ace16630fda7d0daceac2d
item_passive|3161|item_passive|龙之力量,210,item_passive,3161,item_passive,龙之力量,,3161,pass,out_of_scope_for_single_target_dps,out_of_scope,数据参考/lol-wiki-current-items/current-items.normalized.json#item_3161_slots_pass@revid4030984 sha256:e7818effb888c6d2474496ee20378ecb57e335ccf9ace16630fda7d0daceac2d
item_passive|3161|item_passive|专注意志,211,item_passive,3161,item_passive,专注意志,,3161,pass2,already_covered,migrated,数据参考/lol-wiki-current-items/current-items.normalized.json#item_3161_slots_pass2@revid4030984 sha256:e7818effb888c6d2474496ee20378ecb57e335ccf9ace16630fda7d0daceac2d
item_passive|3179|item_passive|夜行者,212,item_passive,3179,item_passive,夜行者,,3179,pass3,already_covered,migrated,数据参考/lol-wiki-current-items/current-items.normalized.json#item_3179_slots_pass3@revid4030984 sha256:e7818effb888c6d2474496ee20378ecb57e335ccf9ace16630fda7d0daceac2d
item_passive|3179|item_passive|封锁,213,item_passive,3179,item_passive,封锁,,3179,pass+pass2,out_of_scope_for_single_target_dps,out_of_scope,数据参考/lol-wiki-current-items/current-items.normalized.json#item_3179_slots_pass+pass2@revid4030984 sha256:e7818effb888c6d2474496ee20378ecb57e335ccf9ace16630fda7d0daceac2d
item_passive|3181|item_passive|船长,214,item_passive,3181,item_passive,船长,,3181,pass,out_of_scope_for_single_target_dps,migrated,数据参考/lol-wiki-current-items/current-items.normalized.json#item_3181_slots_pass@revid4030984 sha256:e7818effb888c6d2474496ee20378ecb57e335ccf9ace16630fda7d0daceac2d
item_passive|3181|item_passive|登舰小组,215,item_passive,3181,item_passive,登舰小组,,3181,pass2,out_of_scope_for_single_target_dps,out_of_scope,数据参考/lol-wiki-current-items/current-items.normalized.json#item_3181_slots_pass2@revid4030984 sha256:e7818effb888c6d2474496ee20378ecb57e335ccf9ace16630fda7d0daceac2d
item_passive|3302|item_passive|晦影,216,item_passive,3302,item_passive,晦影,,3302,pass,ready_to_encode,migrated,数据参考/lol-wiki-current-items/current-items.normalized.json#item_3302_slots_pass@revid4030984 sha256:e7818effb888c6d2474496ee20378ecb57e335ccf9ace16630fda7d0daceac2d
item_passive|3302|item_passive|交相,217,item_passive,3302,item_passive,交相,,3302,pass2,needs_manual_baseline,migrated,数据参考/lol-wiki-current-items/current-items.normalized.json#item_3302_slots_pass2@revid4030984 sha256:e7818effb888c6d2474496ee20378ecb57e335ccf9ace16630fda7d0daceac2d
item_passive|3508|item_passive|咒刃,218,item_passive,3508,item_passive,咒刃,,3508,pass,needs_runtime_extension,migrated,数据参考/lol-wiki-current-items/current-items.normalized.json#item_3508_slots_pass@revid4030984 sha256:e7818effb888c6d2474496ee20378ecb57e335ccf9ace16630fda7d0daceac2d
item_passive|3748|item_passive|顺劈|数据参考/item.json#data.3748|71fa0f0c,219,item_passive,3748,item_passive,顺劈,,3748,pass,out_of_scope_for_single_target_dps,partial,数据参考/lol-wiki-current-items/current-items.normalized.json#item_3748_slots_pass@revid4030984 sha256:e7818effb888c6d2474496ee20378ecb57e335ccf9ace16630fda7d0daceac2d
item_passive|3748|item_passive|顺劈|数据参考/item.json#data.3748|020f8b5a,220,item_passive,3748,item_passive,顺劈,,3748,pass,out_of_scope_for_single_target_dps,partial,数据参考/lol-wiki-current-items/current-items.normalized.json#item_3748_slots_pass@revid4030984 sha256:e7818effb888c6d2474496ee20378ecb57e335ccf9ace16630fda7d0daceac2d
item_passive|3814|item_passive|废除,221,item_passive,3814,item_passive,废除,,3814,pass,out_of_scope_for_single_target_dps,out_of_scope,数据参考/lol-wiki-current-items/current-items.normalized.json#item_3814_slots_pass@revid4030984 sha256:e7818effb888c6d2474496ee20378ecb57e335ccf9ace16630fda7d0daceac2d
item_passive|6333|item_passive|无视痛苦|数据参考/item.json#data.6333|668e55b0,222,item_passive,6333,item_passive,无视痛苦,,6333,pass,needs_manual_baseline,out_of_scope,数据参考/lol-wiki-current-items/current-items.normalized.json#item_6333_slots_pass@revid4030984 sha256:e7818effb888c6d2474496ee20378ecb57e335ccf9ace16630fda7d0daceac2d
item_passive|6333|item_passive|蔑视,223,item_passive,6333,item_passive,蔑视,,6333,pass2,needs_manual_baseline,out_of_scope,数据参考/lol-wiki-current-items/current-items.normalized.json#item_6333_slots_pass2@revid4030984 sha256:e7818effb888c6d2474496ee20378ecb57e335ccf9ace16630fda7d0daceac2d
item_passive|6333|item_passive|无视痛苦|数据参考/item.json#data.6333|52e96cc8,224,item_passive,6333,item_passive,无视痛苦,,6333,pass2,out_of_scope_for_single_target_dps,out_of_scope,数据参考/lol-wiki-current-items/current-items.normalized.json#item_6333_slots_pass2@revid4030984 sha256:e7818effb888c6d2474496ee20378ecb57e335ccf9ace16630fda7d0daceac2d
item_passive|6609|item_passive|劈削,225,item_passive,6609,item_passive,劈削,,6609,pass,needs_manual_baseline,out_of_scope,数据参考/lol-wiki-current-items/current-items.normalized.json#item_6609_slots_pass@revid4030984 sha256:e7818effb888c6d2474496ee20378ecb57e335ccf9ace16630fda7d0daceac2d
item_passive|6610|item_passive|光盾打击,226,item_passive,6610,item_passive,光盾打击,,6610,pass,out_of_scope_for_single_target_dps,migrated,数据参考/lol-wiki-current-items/current-items.normalized.json#item_6610_slots_pass@revid4030984 sha256:e7818effb888c6d2474496ee20378ecb57e335ccf9ace16630fda7d0daceac2d
item_passive|6631|item_passive|顺劈,227,item_passive,6631,item_passive,顺劈,,6631,pass,out_of_scope_for_single_target_dps,out_of_scope,数据参考/lol-wiki-current-items/current-items.normalized.json#item_6631_slots_pass@revid4030984 sha256:e7818effb888c6d2474496ee20378ecb57e335ccf9ace16630fda7d0daceac2d
item_passive|6672|item_passive|放倒它,228,item_passive,6672,item_passive,放倒它,,6672,pass,already_covered,migrated,数据参考/lol-wiki-current-items/current-items.normalized.json#item_6672_slots_pass@revid4030984 sha256:e7818effb888c6d2474496ee20378ecb57e335ccf9ace16630fda7d0daceac2d
item_passive|6673|item_passive|救主灵刃,229,item_passive,6673,item_passive,救主灵刃,,6673,pass,out_of_scope_for_single_target_dps,out_of_scope,数据参考/lol-wiki-current-items/current-items.normalized.json#item_6673_slots_pass@revid4030984 sha256:e7818effb888c6d2474496ee20378ecb57e335ccf9ace16630fda7d0daceac2d
item_passive|6675|item_passive|超凡入圣,230,item_passive,6675,item_passive,超凡入圣,,6675,pass,out_of_scope_for_single_target_dps,out_of_scope,数据参考/lol-wiki-current-items/current-items.normalized.json#item_6675_slots_pass@revid4030984 sha256:e7818effb888c6d2474496ee20378ecb57e335ccf9ace16630fda7d0daceac2d
item_passive|6676|item_passive|死,231,item_passive,6676,item_passive,死,,6676,pass,needs_runtime_extension,migrated,数据参考/lol-wiki-current-items/current-items.normalized.json#item_6676_slots_pass@revid4030984 sha256:e7818effb888c6d2474496ee20378ecb57e335ccf9ace16630fda7d0daceac2d
item_passive|6676|item_passive|税,232,item_passive,6676,item_passive,税,,6676,pass2,out_of_scope_for_single_target_dps,out_of_scope,数据参考/lol-wiki-current-items/current-items.normalized.json#item_6676_slots_pass2@revid4030984 sha256:e7818effb888c6d2474496ee20378ecb57e335ccf9ace16630fda7d0daceac2d
item_passive|6692|item_passive|永升之月,233,item_passive,6692,item_passive,永升之月,,6692,pass,out_of_scope_for_single_target_dps,out_of_scope,数据参考/lol-wiki-current-items/current-items.normalized.json#item_6692_slots_pass@revid4030984 sha256:e7818effb888c6d2474496ee20378ecb57e335ccf9ace16630fda7d0daceac2d
item_passive|6694|item_passive|严寒,234,item_passive,6694,item_passive,严寒,,6694,pass,needs_runtime_extension,out_of_scope,数据参考/lol-wiki-current-items/current-items.normalized.json#item_6694_slots_pass@revid4030984 sha256:e7818effb888c6d2474496ee20378ecb57e335ccf9ace16630fda7d0daceac2d
item_passive|6695|item_passive|掠盾者|数据参考/item.json#data.6695|2892fed0,235,item_passive,6695,item_passive,掠盾者,,6695,pass,out_of_scope_for_single_target_dps,out_of_scope,数据参考/lol-wiki-current-items/current-items.normalized.json#item_6695_slots_pass@revid4030984 sha256:e7818effb888c6d2474496ee20378ecb57e335ccf9ace16630fda7d0daceac2d
item_passive|6695|item_passive|掠盾者|数据参考/item.json#data.6695|7bcc8c31,236,item_passive,6695,item_passive,掠盾者,,6695,pass,out_of_scope_for_single_target_dps,out_of_scope,数据参考/lol-wiki-current-items/current-items.normalized.json#item_6695_slots_pass@revid4030984 sha256:e7818effb888c6d2474496ee20378ecb57e335ccf9ace16630fda7d0daceac2d
item_passive|6696|item_passive|涌动,237,item_passive,6696,item_passive,涌动,,6696,pass,out_of_scope_for_single_target_dps,out_of_scope,数据参考/lol-wiki-current-items/current-items.normalized.json#item_6696_slots_pass@revid4030984 sha256:e7818effb888c6d2474496ee20378ecb57e335ccf9ace16630fda7d0daceac2d
item_passive|6697|item_passive|盛名,238,item_passive,6697,item_passive,盛名,,6697,pass,needs_manual_baseline,out_of_scope,数据参考/lol-wiki-current-items/current-items.normalized.json#item_6697_slots_pass@revid4030984 sha256:e7818effb888c6d2474496ee20378ecb57e335ccf9ace16630fda7d0daceac2d
item_passive|6698|item_passive|顺劈,239,item_passive,6698,item_passive,顺劈,,6698,pass,out_of_scope_for_single_target_dps,out_of_scope,数据参考/lol-wiki-current-items/current-items.normalized.json#item_6698_slots_pass@revid4030984 sha256:e7818effb888c6d2474496ee20378ecb57e335ccf9ace16630fda7d0daceac2d
item_passive|6699|item_passive|通电,240,item_passive,6699,item_passive,通电,,6699,pass2,needs_runtime_extension,blocked,数据参考/lol-wiki-current-items/current-items.normalized.json#item_6699_slots_pass2@revid4030984 sha256:e7818effb888c6d2474496ee20378ecb57e335ccf9ace16630fda7d0daceac2d
item_passive|6699|item_passive|苍穹,241,item_passive,6699,item_passive,苍穹,,6699,pass3,needs_runtime_extension,migrated,数据参考/lol-wiki-current-items/current-items.normalized.json#item_6699_slots_pass3@revid4030984 sha256:e7818effb888c6d2474496ee20378ecb57e335ccf9ace16630fda7d0daceac2d
